{
  "project_info": {
    "project_number": "673585354911",
    "project_id": "cattle-app-5f45e",
    "storage_bucket": "cattle-app-5f45e.firebasestorage.app"
  },
  "client": [
    {
      "client_info": {
        "mobilesdk_app_id": "1:673585354911:android:ab4f7f07935845309deaaa",
        "android_client_info": {
          "package_name": "com.cattle.app"
        }
      },
      "oauth_client": [],
      "api_key": [
        {
          "current_key": "AIzaSyCEXFq1BJopn3RXxwyBrvnPNZrMefEL-x8"
        }
      ],
      "services": {
        "appinvite_service": {
          "other_platform_oauth_client": []
        }
      }
    }
  ],
  "configuration_version": "1"
}